patch_rank,protein_id,residue_id,chain,residue_type,residue_1letter,patch_n_points,residue_n_points,frac_of_patch
0,B7H3-HuAb-E1A4-CDRV19_fixed,104A,A,TRP,W,15070,2013,0.1336
0,B7H3-HuAb-E1A4-CDRV19_fixed,105B,A,PHE,F,15070,2263,0.1502
0,B7H3-HuAb-E1A4-CDRV19_fixed,56,B,ALA,A,15070,316,0.021
0,B7H3-HuAb-E1A4-CDRV19_fixed,47,B,LEU,L,15070,131,0.0087
0,B7H3-HuAb-E1A4-CDRV19_fixed,117,A,VAL,V,15070,478,0.0317
0,B7H3-HuAb-E1A4-CDRV19_fixed,32,B,ILE,I,15070,872,0.0579
0,B7H3-HuAb-E1A4-CDRV19_fixed,50,B,TYR,Y,15070,374,0.0248
0,B7H3-HuAb-E1A4-CDRV19_fixed,2,A,VAL,V,15070,881,0.0585
0,B7H3-HuAb-E1A4-CDRV19_fixed,102,A,LEU,L,15070,1294,0.0859
0,B7H3-HuAb-E1A4-CDRV19_fixed,118,A,TRP,W,15070,91,0.006
0,B7H3-HuAb-E1A4-CDRV19_fixed,110B,A,TYR,Y,15070,1117,0.0741
0,B7H3-HuAb-E1A4-CDRV19_fixed,44,B,ALA,A,15070,447,0.0297
0,B7H3-HuAb-E1A4-CDRV19_fixed,33,B,TYR,Y,15070,153,0.0102
0,B7H3-HuAb-E1A4-CDRV19_fixed,53,B,PHE,F,15070,1198,0.0795
0,B7H3-HuAb-E1A4-CDRV19_fixed,29,B,ILE,I,15070,112,0.0074
0,B7H3-HuAb-E1A4-CDRV19_fixed,54,B,ILE,I,15070,1049,0.0696
0,B7H3-HuAb-E1A4-CDRV19_fixed,27,A,PHE,F,15070,196,0.013
0,B7H3-HuAb-E1A4-CDRV19_fixed,52,B,ALA,A,15070,1,0.0001
0,B7H3-HuAb-E1A4-CDRV19_fixed,32,A,TYR,Y,15070,160,0.0106
0,B7H3-HuAb-E1A4-CDRV19_fixed,111A,A,TYR,Y,15070,917,0.0608
0,B7H3-HuAb-E1A4-CDRV19_fixed,4,A,LEU,L,15070,19,0.0013
0,B7H3-HuAb-E1A4-CDRV19_fixed,113,A,PHE,F,15070,561,0.0372
0,B7H3-HuAb-E1A4-CDRV19_fixed,101,A,VAL,V,15070,427,0.0283
1,B7H3-HuAb-E1A4-CDRV19_fixed,86,B,VAL,V,2372,569,0.2399
1,B7H3-HuAb-E1A4-CDRV19_fixed,106,B,ILE,I,2372,1205,0.508
1,B7H3-HuAb-E1A4-CDRV19_fixed,84,B,PHE,F,2372,384,0.1619
1,B7H3-HuAb-E1A4-CDRV19_fixed,85,B,ALA,A,2372,214,0.0902
2,B7H3-HuAb-E1A4-CDRV19_fixed,18,A,LEU,L,1903,272,0.1429
2,B7H3-HuAb-E1A4-CDRV19_fixed,11,A,LEU,L,1903,1343,0.7057
2,B7H3-HuAb-E1A4-CDRV19_fixed,12,A,VAL,V,1903,288,0.1513
3,B7H3-HuAb-E1A4-CDRV19_fixed,5,A,VAL,V,1773,993,0.5601
3,B7H3-HuAb-E1A4-CDRV19_fixed,23,A,ALA,A,1773,775,0.4371
3,B7H3-HuAb-E1A4-CDRV19_fixed,22,A,CYS,C,1773,5,0.0028
4,B7H3-HuAb-E1A4-CDRV19_fixed,75,A,ALA,A,1326,1326,1.0
5,B7H3-HuAb-E1A4-CDRV19_fixed,60,A,TYR,Y,1326,404,0.3047
5,B7H3-HuAb-E1A4-CDRV19_fixed,59,A,TYR,Y,1326,922,0.6953
6,B7H3-HuAb-E1A4-CDRV19_fixed,3,B,VAL,V,1221,1184,0.9697
6,B7H3-HuAb-E1A4-CDRV19_fixed,25,B,ALA,A,1221,37,0.0303
7,B7H3-HuAb-E1A4-CDRV19_fixed,71,B,VAL,V,913,913,1.0
8,B7H3-HuAb-E1A4-CDRV19_fixed,88,A,ALA,A,840,840,1.0
9,B7H3-HuAb-E1A4-CDRV19_fixed,11,B,LEU,L,795,413,0.5195
9,B7H3-HuAb-E1A4-CDRV19_fixed,13,B,LEU,L,795,343,0.4314
9,B7H3-HuAb-E1A4-CDRV19_fixed,19,B,ALA,A,795,39,0.0491
10,B7H3-HuAb-E1A4-CDRV19_fixed,92,A,ALA,A,776,131,0.1688
10,B7H3-HuAb-E1A4-CDRV19_fixed,93,A,VAL,V,776,645,0.8312
11,B7H3-HuAb-E1A4-CDRV19_fixed,33,A,TRP,W,441,108,0.2449
11,B7H3-HuAb-E1A4-CDRV19_fixed,101,A,VAL,V,441,150,0.3401
11,B7H3-HuAb-E1A4-CDRV19_fixed,112,A,TYR,Y,441,183,0.415
12,B7H3-HuAb-E1A4-CDRV19_fixed,80,A,TYR,Y,441,441,1.0
13,B7H3-HuAb-E1A4-CDRV19_fixed,2,B,ILE,I,310,310,1.0
14,B7H3-HuAb-E1A4-CDRV19_fixed,61,A,VAL,V,98,98,1.0
15,B7H3-HuAb-E1A4-CDRV19_fixed,83,A,MET,M,43,29,0.6744
15,B7H3-HuAb-E1A4-CDRV19_fixed,64,A,VAL,V,43,14,0.3256
16,B7H3-HuAb-E1A4-CDRV19_fixed,32,B,ILE,I,42,40,0.9524
16,B7H3-HuAb-E1A4-CDRV19_fixed,33,B,TYR,Y,42,2,0.0476
17,B7H3-HuAb-E1A4-CDRV19_fixed,40,A,ALA,A,30,30,1.0
18,B7H3-HuAb-E1A4-CDRV19_fixed,98,B,PHE,F,14,14,1.0
19,B7H3-HuAb-E1A4-CDRV19_fixed,48,A,VAL,V,6,6,1.0
20,B7H3-HuAb-E1A4-CDRV19_fixed,47,A,TRP,W,3,3,1.0
